dataset_id,name,domain,records,last_updated
1,Dataset_1,Health,76525,2024-01-01
2,Dataset_2,Transportation,37163,2024-01-02
3,Dataset_3,Finance,73775,2024-01-03
4,Dataset_4,Education,41953,2024-01-04
5,Dataset_5,Health,76583,2024-01-05
6,Dataset_6,Finance,53549,2024-01-06
7,Dataset_7,Education,96415,2024-01-07
8,Dataset_8,Education,47590,2024-01-08
9,Dataset_9,Transportation,90663,2024-01-09
10,Dataset_10,Transportation,77432,2024-01-10
11,Dataset_11,Transportation,7771,2024-01-11
12,Dataset_12,Transportation,3874,2024-01-12
13,Dataset_13,Finance,27962,2024-01-13
14,Dataset_14,Education,19268,2024-01-14
15,Dataset_15,Health,76377,2024-01-15
16,Dataset_16,Finance,35352,2024-01-16
17,Dataset_17,Health,88899,2024-01-17
18,Dataset_18,Education,53843,2024-01-18
19,Dataset_19,Education,68123,2024-01-19
20,Dataset_20,Transportation,22312,2024-01-20
21,Dataset_21,Education,37615,2024-01-21
22,Dataset_22,Education,86160,2024-01-22
23,Dataset_23,Finance,59949,2024-01-23
24,Dataset_24,Finance,36764,2024-01-24
25,Dataset_25,Health,48036,2024-01-25
26,Dataset_26,Health,35474,2024-01-26
27,Dataset_27,Finance,29721,2024-01-27
28,Dataset_28,Finance,67462,2024-01-28
29,Dataset_29,Transportation,20434,2024-01-29
30,Dataset_30,Energy,99869,2024-01-30
31,Dataset_31,Health,24028,2024-01-31
32,Dataset_32,Health,87257,2024-02-01
33,Dataset_33,Transportation,71770,2024-02-02
34,Dataset_34,Transportation,65937,2024-02-03
35,Dataset_35,Transportation,50817,2024-02-04
36,Dataset_36,Education,14588,2024-02-05
37,Dataset_37,Finance,59283,2024-02-06
38,Dataset_38,Education,29447,2024-02-07
39,Dataset_39,Education,75407,2024-02-08
40,Dataset_40,Health,97706,2024-02-09
41,Dataset_41,Energy,9353,2024-02-10
42,Dataset_42,Finance,25326,2024-02-11
43,Dataset_43,Education,10661,2024-02-12
44,Dataset_44,Education,70907,2024-02-13
45,Dataset_45,Health,31294,2024-02-14
46,Dataset_46,Transportation,32053,2024-02-15
47,Dataset_47,Energy,84473,2024-02-16
48,Dataset_48,Health,68123,2024-02-17
49,Dataset_49,Education,58315,2024-02-18
50,Dataset_50,Education,74919,2024-02-19
51,Dataset_51,Finance,32715,2024-02-20
52,Dataset_52,Energy,77345,2024-02-21
53,Dataset_53,Energy,42764,2024-02-22
54,Dataset_54,Transportation,99199,2024-02-23
55,Dataset_55,Finance,30540,2024-02-24
56,Dataset_56,Transportation,23846,2024-02-25
57,Dataset_57,Health,34808,2024-02-26
58,Dataset_58,Finance,18023,2024-02-27
59,Dataset_59,Education,37478,2024-02-28
60,Dataset_60,Transportation,66688,2024-02-29
61,Dataset_61,Health,71805,2024-03-01
62,Dataset_62,Finance,77063,2024-03-02
63,Dataset_63,Energy,30002,2024-03-03
64,Dataset_64,Health,69464,2024-03-04
65,Dataset_65,Transportation,46425,2024-03-05
66,Dataset_66,Finance,97234,2024-03-06
67,Dataset_67,Finance,41227,2024-03-07
68,Dataset_68,Energy,3374,2024-03-08
69,Dataset_69,Transportation,28701,2024-03-09
70,Dataset_70,Finance,56259,2024-03-10
71,Dataset_71,Finance,97871,2024-03-11
72,Dataset_72,Transportation,29373,2024-03-12
73,Dataset_73,Health,11602,2024-03-13
74,Dataset_74,Finance,35693,2024-03-14
75,Dataset_75,Finance,30604,2024-03-15
76,Dataset_76,Finance,41290,2024-03-16
77,Dataset_77,Energy,29402,2024-03-17
78,Dataset_78,Transportation,26679,2024-03-18
79,Dataset_79,Health,21625,2024-03-19
80,Dataset_80,Education,15257,2024-03-20
81,Dataset_81,Health,52620,2024-03-21
82,Dataset_82,Transportation,69104,2024-03-22
83,Dataset_83,Energy,51485,2024-03-23
84,Dataset_84,Education,71447,2024-03-24
85,Dataset_85,Health,23974,2024-03-25
86,Dataset_86,Transportation,25679,2024-03-26
87,Dataset_87,Transportation,84676,2024-03-27
88,Dataset_88,Transportation,15433,2024-03-28
89,Dataset_89,Transportation,94464,2024-03-29
90,Dataset_90,Finance,68987,2024-03-30
91,Dataset_91,Energy,82990,2024-03-31
92,Dataset_92,Transportation,95264,2024-04-01
93,Dataset_93,Energy,36811,2024-04-02
94,Dataset_94,Finance,71845,2024-04-03
95,Dataset_95,Finance,30199,2024-04-04
96,Dataset_96,Transportation,56532,2024-04-05
97,Dataset_97,Education,25253,2024-04-06
98,Dataset_98,Finance,80710,2024-04-07
99,Dataset_99,Education,45389,2024-04-08
100,Dataset_100,Health,1376,2024-04-09
101,Dataset_101,Transportation,93795,2024-04-10
102,Dataset_102,Energy,23225,2024-04-11
103,Dataset_103,Transportation,10095,2024-04-12
104,Dataset_104,Finance,15582,2024-04-13
105,Dataset_105,Health,39021,2024-04-14
106,Dataset_106,Energy,39499,2024-04-15
107,Dataset_107,Finance,46867,2024-04-16
108,Dataset_108,Health,74079,2024-04-17
109,Dataset_109,Finance,47404,2024-04-18
110,Dataset_110,Energy,28967,2024-04-19
111,Dataset_111,Education,87003,2024-04-20
112,Dataset_112,Health,94097,2024-04-21
113,Dataset_113,Education,7662,2024-04-22
114,Dataset_114,Energy,53355,2024-04-23
115,Dataset_115,Finance,8163,2024-04-24
116,Dataset_116,Health,13860,2024-04-25
117,Dataset_117,Energy,65182,2024-04-26
118,Dataset_118,Education,25067,2024-04-27
119,Dataset_119,Health,86556,2024-04-28
120,Dataset_120,Transportation,12303,2024-04-29
121,Dataset_121,Transportation,73174,2024-04-30
122,Dataset_122,Transportation,77316,2024-05-01
123,Dataset_123,Transportation,74399,2024-05-02
124,Dataset_124,Transportation,48628,2024-05-03
125,Dataset_125,Transportation,45534,2024-05-04
126,Dataset_126,Education,5583,2024-05-05
127,Dataset_127,Finance,69754,2024-05-06
128,Dataset_128,Energy,94163,2024-05-07
129,Dataset_129,Energy,78416,2024-05-08
130,Dataset_130,Education,79852,2024-05-09
131,Dataset_131,Health,7040,2024-05-10
132,Dataset_132,Finance,42154,2024-05-11
133,Dataset_133,Transportation,16570,2024-05-12
134,Dataset_134,Finance,17608,2024-05-13
135,Dataset_135,Energy,34979,2024-05-14
136,Dataset_136,Finance,75742,2024-05-15
137,Dataset_137,Energy,49987,2024-05-16
138,Dataset_138,Education,44076,2024-05-17
139,Dataset_139,Energy,79994,2024-05-18
140,Dataset_140,Energy,68330,2024-05-19
141,Dataset_141,Energy,97999,2024-05-20
142,Dataset_142,Transportation,11584,2024-05-21
143,Dataset_143,Transportation,84545,2024-05-22
144,Dataset_144,Transportation,76212,2024-05-23
145,Dataset_145,Finance,76482,2024-05-24
146,Dataset_146,Finance,9652,2024-05-25
147,Dataset_147,Transportation,27524,2024-05-26
148,Dataset_148,Energy,22690,2024-05-27
149,Dataset_149,Education,72363,2024-05-28
150,Dataset_150,Transportation,85526,2024-05-29
151,Dataset_151,Finance,37989,2024-05-30
152,Dataset_152,Energy,13220,2024-05-31
153,Dataset_153,Energy,73935,2024-06-01
154,Dataset_154,Education,51656,2024-06-02
155,Dataset_155,Energy,32981,2024-06-03
156,Dataset_156,Finance,24914,2024-06-04
157,Dataset_157,Education,46143,2024-06-05
158,Dataset_158,Finance,57578,2024-06-06
159,Dataset_159,Health,72028,2024-06-07
160,Dataset_160,Education,98877,2024-06-08
161,Dataset_161,Health,26496,2024-06-09
162,Dataset_162,Education,36594,2024-06-10
163,Dataset_163,Transportation,23348,2024-06-11
164,Dataset_164,Finance,43885,2024-06-12
165,Dataset_165,Finance,36419,2024-06-13
166,Dataset_166,Transportation,7984,2024-06-14
167,Dataset_167,Transportation,32051,2024-06-15
168,Dataset_168,Finance,1337,2024-06-16
169,Dataset_169,Transportation,17607,2024-06-17
170,Dataset_170,Education,58149,2024-06-18
171,Dataset_171,Health,35956,2024-06-19
172,Dataset_172,Finance,84534,2024-06-20
173,Dataset_173,Finance,89903,2024-06-21
174,Dataset_174,Finance,94744,2024-06-22
175,Dataset_175,Energy,15937,2024-06-23
176,Dataset_176,Energy,18681,2024-06-24
177,Dataset_177,Finance,19866,2024-06-25
178,Dataset_178,Finance,41421,2024-06-26
179,Dataset_179,Energy,70196,2024-06-27
180,Dataset_180,Transportation,65018,2024-06-28
181,Dataset_181,Finance,35551,2024-06-29
182,Dataset_182,Energy,85926,2024-06-30
183,Dataset_183,Education,86761,2024-07-01
184,Dataset_184,Energy,88341,2024-07-02
185,Dataset_185,Finance,47883,2024-07-03
186,Dataset_186,Health,18273,2024-07-04
187,Dataset_187,Finance,84933,2024-07-05
188,Dataset_188,Transportation,77407,2024-07-06
189,Dataset_189,Education,16238,2024-07-07
190,Dataset_190,Finance,14916,2024-07-08
191,Dataset_191,Energy,92978,2024-07-09
192,Dataset_192,Energy,96424,2024-07-10
193,Dataset_193,Education,7697,2024-07-11
194,Dataset_194,Education,66802,2024-07-12
195,Dataset_195,Energy,94093,2024-07-13
196,Dataset_196,Health,69825,2024-07-14
197,Dataset_197,Education,61934,2024-07-15
198,Dataset_198,Education,57705,2024-07-16
199,Dataset_199,Energy,13269,2024-07-17
200,Dataset_200,Transportation,6439,2024-07-18
201,Dataset_201,Transportation,83641,2024-07-19
202,Dataset_202,Finance,96987,2024-07-20
203,Dataset_203,Finance,26951,2024-07-21
204,Dataset_204,Energy,11424,2024-07-22
205,Dataset_205,Health,13314,2024-07-23
206,Dataset_206,Education,22840,2024-07-24
207,Dataset_207,Finance,86679,2024-07-25
208,Dataset_208,Energy,26976,2024-07-26
209,Dataset_209,Energy,16323,2024-07-27
210,Dataset_210,Finance,28587,2024-07-28
211,Dataset_211,Finance,96181,2024-07-29
212,Dataset_212,Energy,14057,2024-07-30
213,Dataset_213,Transportation,66323,2024-07-31
214,Dataset_214,Energy,54623,2024-08-01
215,Dataset_215,Health,78279,2024-08-02
216,Dataset_216,Education,99623,2024-08-03
217,Dataset_217,Education,56390,2024-08-04
218,Dataset_218,Finance,91367,2024-08-05
219,Dataset_219,Transportation,83267,2024-08-06
220,Dataset_220,Health,57872,2024-08-07
221,Dataset_221,Finance,10153,2024-08-08
222,Dataset_222,Energy,4047,2024-08-09
223,Dataset_223,Finance,33666,2024-08-10
224,Dataset_224,Education,63965,2024-08-11
225,Dataset_225,Health,98429,2024-08-12
226,Dataset_226,Education,71120,2024-08-13
227,Dataset_227,Health,11188,2024-08-14
228,Dataset_228,Education,18767,2024-08-15
229,Dataset_229,Energy,54852,2024-08-16
230,Dataset_230,Energy,30105,2024-08-17
231,Dataset_231,Health,25440,2024-08-18
232,Dataset_232,Education,45679,2024-08-19
233,Dataset_233,Energy,34848,2024-08-20
234,Dataset_234,Energy,78880,2024-08-21
235,Dataset_235,Transportation,46076,2024-08-22
236,Dataset_236,Education,10283,2024-08-23
237,Dataset_237,Education,86012,2024-08-24
238,Dataset_238,Energy,25565,2024-08-25
239,Dataset_239,Health,22341,2024-08-26
240,Dataset_240,Energy,37711,2024-08-27
241,Dataset_241,Energy,8126,2024-08-28
242,Dataset_242,Energy,37682,2024-08-29
243,Dataset_243,Finance,93223,2024-08-30
244,Dataset_244,Education,56738,2024-08-31
245,Dataset_245,Transportation,77220,2024-09-01
246,Dataset_246,Energy,53382,2024-09-02
247,Dataset_247,Health,39916,2024-09-03
248,Dataset_248,Energy,43275,2024-09-04
249,Dataset_249,Health,5573,2024-09-05
250,Dataset_250,Health,78684,2024-09-06
251,Dataset_251,Health,56813,2024-09-07
252,Dataset_252,Transportation,53663,2024-09-08
253,Dataset_253,Transportation,14611,2024-09-09
254,Dataset_254,Transportation,78022,2024-09-10
255,Dataset_255,Finance,96572,2024-09-11
256,Dataset_256,Transportation,98788,2024-09-12
257,Dataset_257,Finance,91834,2024-09-13
258,Dataset_258,Education,34908,2024-09-14
259,Dataset_259,Education,45875,2024-09-15
260,Dataset_260,Energy,58917,2024-09-16
261,Dataset_261,Health,49115,2024-09-17
262,Dataset_262,Transportation,24046,2024-09-18
263,Dataset_263,Finance,75373,2024-09-19
264,Dataset_264,Finance,36591,2024-09-20
265,Dataset_265,Education,95930,2024-09-21
266,Dataset_266,Energy,54071,2024-09-22
267,Dataset_267,Health,23706,2024-09-23
268,Dataset_268,Health,25746,2024-09-24
269,Dataset_269,Energy,19002,2024-09-25
270,Dataset_270,Education,97482,2024-09-26
271,Dataset_271,Energy,74300,2024-09-27
272,Dataset_272,Education,48068,2024-09-28
273,Dataset_273,Education,7714,2024-09-29
274,Dataset_274,Energy,20509,2024-09-30
275,Dataset_275,Health,35448,2024-10-01
276,Dataset_276,Health,70117,2024-10-02
277,Dataset_277,Health,82929,2024-10-03
278,Dataset_278,Transportation,60315,2024-10-04
279,Dataset_279,Finance,53443,2024-10-05
280,Dataset_280,Education,1527,2024-10-06
281,Dataset_281,Transportation,31330,2024-10-07
282,Dataset_282,Energy,63236,2024-10-08
283,Dataset_283,Transportation,15523,2024-10-09
284,Dataset_284,Energy,89623,2024-10-10
285,Dataset_285,Transportation,24326,2024-10-11
286,Dataset_286,Finance,18628,2024-10-12
287,Dataset_287,Education,5385,2024-10-13
288,Dataset_288,Transportation,23588,2024-10-14
289,Dataset_289,Energy,30621,2024-10-15
290,Dataset_290,Transportation,6736,2024-10-16
291,Dataset_291,Finance,58354,2024-10-17
292,Dataset_292,Finance,36357,2024-10-18
293,Dataset_293,Education,23694,2024-10-19
294,Dataset_294,Education,46219,2024-10-20
295,Dataset_295,Transportation,25500,2024-10-21
296,Dataset_296,Energy,76685,2024-10-22
297,Dataset_297,Education,82001,2024-10-23
298,Dataset_298,Energy,2697,2024-10-24
299,Dataset_299,Education,88987,2024-10-25
300,Dataset_300,Energy,72380,2024-10-26
301,Dataset_301,Transportation,81454,2024-10-27
302,Dataset_302,Energy,70989,2024-10-28
303,Dataset_303,Finance,98629,2024-10-29
304,Dataset_304,Health,36715,2024-10-30
305,Dataset_305,Education,88677,2024-10-31
306,Dataset_306,Health,66085,2024-11-01
307,Dataset_307,Transportation,17985,2024-11-02
308,Dataset_308,Health,5998,2024-11-03
309,Dataset_309,Energy,52296,2024-11-04
310,Dataset_310,Finance,12535,2024-11-05
311,Dataset_311,Energy,54765,2024-11-06
312,Dataset_312,Education,51469,2024-11-07
313,Dataset_313,Finance,92159,2024-11-08
314,Dataset_314,Health,26641,2024-11-09
315,Dataset_315,Education,13274,2024-11-10
316,Dataset_316,Education,18965,2024-11-11
317,Dataset_317,Transportation,17098,2024-11-12
318,Dataset_318,Education,51344,2024-11-13
319,Dataset_319,Health,6423,2024-11-14
320,Dataset_320,Education,63157,2024-11-15
321,Dataset_321,Energy,24996,2024-11-16
322,Dataset_322,Transportation,7642,2024-11-17
323,Dataset_323,Finance,90458,2024-11-18
324,Dataset_324,Finance,13424,2024-11-19
325,Dataset_325,Finance,49240,2024-11-20
326,Dataset_326,Health,56493,2024-11-21
327,Dataset_327,Finance,54972,2024-11-22
328,Dataset_328,Education,58044,2024-11-23
329,Dataset_329,Transportation,67194,2024-11-24
330,Dataset_330,Energy,39280,2024-11-25
331,Dataset_331,Energy,40732,2024-11-26
332,Dataset_332,Finance,80719,2024-11-27
333,Dataset_333,Finance,28421,2024-11-28
334,Dataset_334,Finance,53410,2024-11-29
335,Dataset_335,Health,93080,2024-11-30
336,Dataset_336,Health,2573,2024-12-01
337,Dataset_337,Transportation,91213,2024-12-02
338,Dataset_338,Health,63939,2024-12-03
339,Dataset_339,Health,40561,2024-12-04
340,Dataset_340,Health,88441,2024-12-05
341,Dataset_341,Finance,75077,2024-12-06
342,Dataset_342,Energy,45103,2024-12-07
343,Dataset_343,Energy,32483,2024-12-08
344,Dataset_344,Finance,4294,2024-12-09
345,Dataset_345,Finance,61773,2024-12-10
346,Dataset_346,Health,46002,2024-12-11
347,Dataset_347,Energy,44431,2024-12-12
348,Dataset_348,Finance,27488,2024-12-13
349,Dataset_349,Education,39167,2024-12-14
350,Dataset_350,Transportation,15637,2024-12-15
351,Dataset_351,Education,3505,2024-12-16
352,Dataset_352,Finance,59439,2024-12-17
353,Dataset_353,Transportation,27740,2024-12-18
354,Dataset_354,Transportation,63498,2024-12-19
355,Dataset_355,Energy,97006,2024-12-20
356,Dataset_356,Energy,18777,2024-12-21
357,Dataset_357,Finance,22979,2024-12-22
358,Dataset_358,Transportation,99002,2024-12-23
359,Dataset_359,Transportation,22309,2024-12-24
360,Dataset_360,Education,6652,2024-12-25
361,Dataset_361,Transportation,99624,2024-12-26
362,Dataset_362,Health,61350,2024-12-27
363,Dataset_363,Transportation,47775,2024-12-28
364,Dataset_364,Energy,97015,2024-12-29
365,Dataset_365,Transportation,53390,2024-12-30
366,Dataset_366,Transportation,9713,2024-12-31
367,Dataset_367,Energy,30533,2025-01-01
368,Dataset_368,Energy,38231,2025-01-02
369,Dataset_369,Education,43901,2025-01-03
370,Dataset_370,Transportation,38308,2025-01-04
371,Dataset_371,Health,69903,2025-01-05
372,Dataset_372,Energy,63707,2025-01-06
373,Dataset_373,Energy,61659,2025-01-07
374,Dataset_374,Energy,83208,2025-01-08
375,Dataset_375,Transportation,10539,2025-01-09
376,Dataset_376,Health,49382,2025-01-10
377,Dataset_377,Energy,25297,2025-01-11
378,Dataset_378,Finance,15187,2025-01-12
379,Dataset_379,Education,61143,2025-01-13
380,Dataset_380,Health,24721,2025-01-14
381,Dataset_381,Finance,19892,2025-01-15
382,Dataset_382,Health,78653,2025-01-16
383,Dataset_383,Energy,1308,2025-01-17
384,Dataset_384,Transportation,82489,2025-01-18
385,Dataset_385,Transportation,87627,2025-01-19
386,Dataset_386,Education,85756,2025-01-20
387,Dataset_387,Education,10480,2025-01-21
388,Dataset_388,Health,33090,2025-01-22
389,Dataset_389,Energy,73817,2025-01-23
390,Dataset_390,Transportation,69607,2025-01-24
391,Dataset_391,Education,48978,2025-01-25
392,Dataset_392,Energy,58484,2025-01-26
393,Dataset_393,Finance,72745,2025-01-27
394,Dataset_394,Transportation,14071,2025-01-28
395,Dataset_395,Transportation,43755,2025-01-29
396,Dataset_396,Energy,29947,2025-01-30
397,Dataset_397,Health,78892,2025-01-31
398,Dataset_398,Education,80244,2025-02-01
399,Dataset_399,Finance,66245,2025-02-02
400,Dataset_400,Education,20082,2025-02-03
401,Dataset_401,Energy,21339,2025-02-04
402,Dataset_402,Education,66966,2025-02-05
403,Dataset_403,Health,42927,2025-02-06
404,Dataset_404,Energy,84142,2025-02-07
405,Dataset_405,Finance,51332,2025-02-08
406,Dataset_406,Transportation,28437,2025-02-09
407,Dataset_407,Finance,35052,2025-02-10
408,Dataset_408,Education,21744,2025-02-11
409,Dataset_409,Health,13399,2025-02-12
410,Dataset_410,Energy,38519,2025-02-13
411,Dataset_411,Transportation,59047,2025-02-14
412,Dataset_412,Finance,95036,2025-02-15
413,Dataset_413,Transportation,91684,2025-02-16
414,Dataset_414,Transportation,32612,2025-02-17
415,Dataset_415,Health,22394,2025-02-18
416,Dataset_416,Energy,77975,2025-02-19
417,Dataset_417,Education,77575,2025-02-20
418,Dataset_418,Energy,30165,2025-02-21
419,Dataset_419,Health,46885,2025-02-22
420,Dataset_420,Energy,83564,2025-02-23
421,Dataset_421,Education,21638,2025-02-24
422,Dataset_422,Transportation,87810,2025-02-25
423,Dataset_423,Health,81887,2025-02-26
424,Dataset_424,Finance,48871,2025-02-27
425,Dataset_425,Finance,16512,2025-02-28
426,Dataset_426,Finance,46448,2025-03-01
427,Dataset_427,Transportation,76918,2025-03-02
428,Dataset_428,Finance,47508,2025-03-03
429,Dataset_429,Transportation,59269,2025-03-04
430,Dataset_430,Health,42837,2025-03-05
431,Dataset_431,Finance,63837,2025-03-06
432,Dataset_432,Education,92177,2025-03-07
433,Dataset_433,Finance,93611,2025-03-08
434,Dataset_434,Health,9194,2025-03-09
435,Dataset_435,Education,5114,2025-03-10
436,Dataset_436,Energy,48224,2025-03-11
437,Dataset_437,Education,80975,2025-03-12
438,Dataset_438,Transportation,67836,2025-03-13
439,Dataset_439,Education,94382,2025-03-14
440,Dataset_440,Transportation,6152,2025-03-15
441,Dataset_441,Energy,53877,2025-03-16
442,Dataset_442,Finance,81143,2025-03-17
443,Dataset_443,Energy,18628,2025-03-18
444,Dataset_444,Finance,93612,2025-03-19
445,Dataset_445,Transportation,18192,2025-03-20
446,Dataset_446,Health,87251,2025-03-21
447,Dataset_447,Transportation,33191,2025-03-22
448,Dataset_448,Health,80491,2025-03-23
449,Dataset_449,Health,28742,2025-03-24
450,Dataset_450,Energy,17392,2025-03-25
451,Dataset_451,Health,28471,2025-03-26
452,Dataset_452,Energy,98640,2025-03-27
453,Dataset_453,Education,19521,2025-03-28
454,Dataset_454,Education,33312,2025-03-29
455,Dataset_455,Finance,56410,2025-03-30
456,Dataset_456,Finance,64421,2025-03-31
457,Dataset_457,Education,86816,2025-04-01
458,Dataset_458,Finance,93144,2025-04-02
459,Dataset_459,Finance,93172,2025-04-03
460,Dataset_460,Transportation,2620,2025-04-04
461,Dataset_461,Energy,67597,2025-04-05
462,Dataset_462,Transportation,30711,2025-04-06
463,Dataset_463,Education,57572,2025-04-07
464,Dataset_464,Finance,72634,2025-04-08
465,Dataset_465,Energy,16770,2025-04-09
466,Dataset_466,Finance,64207,2025-04-10
467,Dataset_467,Transportation,37830,2025-04-11
468,Dataset_468,Energy,18552,2025-04-12
469,Dataset_469,Education,40192,2025-04-13
470,Dataset_470,Transportation,50946,2025-04-14
471,Dataset_471,Transportation,21475,2025-04-15
472,Dataset_472,Finance,34681,2025-04-16
473,Dataset_473,Transportation,46067,2025-04-17
474,Dataset_474,Finance,74534,2025-04-18
475,Dataset_475,Energy,68638,2025-04-19
476,Dataset_476,Health,94596,2025-04-20
477,Dataset_477,Finance,97148,2025-04-21
478,Dataset_478,Transportation,63592,2025-04-22
479,Dataset_479,Health,24395,2025-04-23
480,Dataset_480,Transportation,86987,2025-04-24
481,Dataset_481,Transportation,51735,2025-04-25
482,Dataset_482,Education,16518,2025-04-26
483,Dataset_483,Education,32144,2025-04-27
484,Dataset_484,Health,74046,2025-04-28
485,Dataset_485,Transportation,4684,2025-04-29
486,Dataset_486,Transportation,28852,2025-04-30
487,Dataset_487,Education,93888,2025-05-01
488,Dataset_488,Transportation,11617,2025-05-02
489,Dataset_489,Health,54796,2025-05-03
490,Dataset_490,Energy,91054,2025-05-04
491,Dataset_491,Education,5175,2025-05-05
492,Dataset_492,Transportation,86591,2025-05-06
493,Dataset_493,Finance,75627,2025-05-07
494,Dataset_494,Finance,42783,2025-05-08
495,Dataset_495,Finance,60341,2025-05-09
496,Dataset_496,Education,27328,2025-05-10
497,Dataset_497,Energy,96960,2025-05-11
498,Dataset_498,Health,27858,2025-05-12
499,Dataset_499,Finance,84266,2025-05-13
500,Dataset_500,Education,32875,2025-05-14
